<?xml version="1.0"?>
<project version="2.0">

   <var name="rotcmap2difPlus">"[EnginePath]tools/rotc_map2dif_plus.[ExecutableType]" -t "[EnginePath]"share/textures/ -o "[EnginePath]"share/interiors</var>

   <build name="ROTC Map2Dif Plus - low quality build">
      <command>[rotcmap2difPlus] -l "[MapFile]"</command>
   </build>

   <build name="ROTC Map2Dif Plus - normal build">
      <command>[rotcmap2difPlus] "[MapFile]"</command>
   </build>
   
   <build name="ROTC Map2Dif Plus - final build">
      <command>[rotcmap2difPlus] -h "[MapFile]"</command>
   </build>
   
</project>
